title;author
extraordinaires aventures de Tom Scatterhorn (Les);Chancellor
L'histoire du monde;
L'eau des anges;Egémar
Quand on parle du loup;Harrison
étang aux libellules (L');Ibbotson
Avant les ténèbres;Cluzeau
Contes et récits vietnamiens;Minh Than
La boussole du Club des cinq;Blyton
Momo;Ende
Contes et récits vietnamiens;Minh Than
Je m'appelle pas Ben Laden !;Chambaz
Ogres, brigands et compagnie;Ungerer
Le cochon enchanté;
Gazette des communes,des départements,des régions (La);
Gauchos de Patagonie;Bourseiller
A minuit;Mörike
Les cinq mènent l'enquête;Voilier
Jeanne;Cassabois
Radio Nouba;Bonneval
Emile et les détectives;Kästner
On voyage;Helft
Nous les filles !;Delmege
Radio Nouba;Bonneval
Nous les garçons !;Crossick
On prend des médicaments;Helft
Profession, pirate !;Aubrun
Rufus le loup;Tarek
Rufus le loup;Tarek
La mer;Bélineau
Richard et William sauvent le monde;Rod
La ligne de front;Larcenet
J'apprends à dessiner la vie quotidienne;Legendre-Kvater
Collages de serviettes pour le jardin et la maison;Enderlen-Debuisson
Argile au tour;Tardio-Brise
Chansons devinettes;Marie-Céline
Petite histoire de la France au 20e siècle;Prost
Les chevêches aux yeux d'or;Haroux-Métayer
On rêve d'avoir un chat;Helft
Les grands explorateurs;Platt
Mythes et monstres;Buller
Les gladiateurs;Malam
Mirages;Robillard
ABC d'Albert Jacquard pour changer le monde (L');Jacquard
arc-en-ciel des familles (L');Douru
I like Europe;Gillet
fables de La Fontaine pour réfléchir (Les);Pelisse
Vieux metiers et pratiques oubliees en Bourgogne, Nivernais-Morvan, autrefois;Bertheau
Inrockuptibles (Les);
changelin (Le);Lindhom
Le Livre conquérant;
Art et Métiers du Livre;
Meurtre au champagne;Christie
ESPRIT;
Père Noël mes fesses !;Lenain
Archeologia;
Bonne nuit, Monsieur Renard !;Schärer
Chamailles;Schärer
Revue de la Bibliothèque Nationale de France;
Le trésor;Shulevitz
La neige fond sur ton coeur;Schmitzberger
Où est Pachydou ?;Dunbar
Poulette coquette;Dunbar
voyage (Le);Fontanel
Le vrai-faux portrait officiel du Père Noël;Misslin
Paddy MacPat;Donaldson
10 feuilles volantes;Möller
Et toi ?;Sanders
Méchants et truands;Platt
25 chasses au trésor;Rocher
25 chasses au trésor;Rocher
25 chasses au trésor;Rocher
Je crée avec 3 x rien !;Bull
Je crée avec 3 x rien !;Bull
Le rugby raconté aux enfants;Escot
Attention, bêtes féroces !;Wormell
Le rugby raconté aux enfants;Escot
Inuk est amoureux;Norac
petits points (Les);Claudet
Le jour où nous étions seuls au monde;Nilsson
grandes merveilles du monde (Les);Yu
Petite boîte jaune;Carter
Le jour où nous étions seuls au monde;Nilsson
Au lit !;Cumont
Guili guili;Poussier
Le plus beau;Poussier
Guitou;Melquiot
La fin des dinosaures;Bacchin
Marie Curie, une femme de science;Grard
En 2000 trop loin;Rascal
Marie Curie, une femme de science;Grard
Dis pourquoi le cochon a la queue en tire-bouchon ?;Mathivet
vaches de Noël (Les);Le Touzé
Les tartes et les cakes;Teyras
Une vie merveilleuse;Pigois
Je mesure tout;Trius
Un petit trou de rien du tout;Pin
Mon chien et moi;Yamada
La boîte au trésor;Escoffier
Ce que fait toujours le vrai Père Noël;Teyras
kilos en trop (Les);Sautereau
Il était une fois le Père Noël;Palluy
Noël !;Laval
Mon père Noël à moi !;Robberecht
Mes lunettes de rêve;Mets
cahier jaune (Le);Sautereau
Enfin seule;Causse
bête de la cave (La);Stine
Comme en hiver;Servant
Chloé et Félix font la fête;Roederer
Georges Méliès, le magicien du cinéma;Bianu
Toutes mes histoires préférées;Caputo
fièvre de la pleine lune (La);Stine
Sucré à salé;Witschger
Crash-test;Claro
peau du loup-garou (La);Stine
source (La);Garat
Cauchemars en série;Stine
Ah ! Ca ira;Lachaud
La confusion des valeurs;Guillebaud
maison des morts (La);Stine
variante chilienne (La);Raufast
Les nouvelles aventures de l'école des chats;Kim
fantôme du miroir (Le);Stine
Mémoires des failles;Annocque
Transgression;Khan
Mort de peur;Stine
Un chato en Espagne;Bard
film d'horreur (Le);Stine
Il était tout froid dans l'Est;Bourcy
légistes enquêtent (Les);Pfeiffer
colère de la momie (La);Stine
enchantements d'Ambremer (Les);Pevel
Le choeur des femmes;Winckler
Terrible internat;Stine
élixir d'oubli (L');Pevel
Catherine Kousmine;Aymeries
royaume immobile (Le);Pevel
Kidnappés dans l'espace;Stine
tournée d'adieux (La);Paris
Presque mort;Edwardson
vacances de l'angoisse (Les);Stine
Fils du Shéol;Benmalek
Dis oui, Ninon;Lethielleux
Jeux de monstres;Stine
Mémoires fauves;Guitton
In extremis;Morrell
Tête-Dure;Pittau
Les recettes du Petit Nicolas;Beaupré
Les arrangeurs;Tellier-Loniewski
erreur de Pascal (L');Seyvos
Des poupées et des anges;Hamdi
Je viens de toutes mes enfances;Salomé
Tableautins;Bruch
Voleuse de peluche;Seyvos
échoués (Les);Manoukian
Le chêne parlant;Sand
Effraction;Defossé
uns contre les autres (Les);Maubert
Cuisine avec Nelly & César;Godon
Tout pour plaire et toujours célibataire;Cadalen
Un amour impossible;Angot
Dans la cuisine d'Amandine;Carboneill
Sauver sa peau;Gardner
La cuisine des héros;Major
Vladimir Vladimirovitch;Chambaz
renversement des pôles (Le);Côte
La cuisine des héroïnes;Major
Brigitte Bardot;Choulant
Sylvestre et le caillou magique;Steig
Il était une ville;Reverdy
Le fol enfant;Vlady
Shrek !;Steig
exercice de la médecine (L');Seksik
Griffes de glace;Gilman
La petite marionnette;Vincent
portefeuille rouge (Le);Delaflotte Mehdevi
Le miroir de Cassandre;Werber
Ernest et Célestine au cirque;Vincent
septième fonction du langage (La);Binet
Maman, pourquoi tu manges pas ?;Dupont
Profession du père;Chalandon
Etre vétérinaire;Fritsch
La validation;Feil
Ernest et Célestine au musée;Vincent
Histoire de l'amour et de la haine;Dantzig
Neigeblanche et Roserouge;
Le régime mastication;Cocaul
Je me suis tue;Menegaux
Etre militaire dans l'armée de terre;Jakubowski
amour à trois (L');Poivre d'Arvor
jour, un chien (Un);Vincent
hiver des hommes (L');Duroy
pierre de l'adieu (La);Williams
anges meurent de nos blessures (Les);Khadra
Etre militaire dans l'armée de terre;Jakubowski
maison de l'ancêtre (La);Williams
Toute ressemblance avec le père;Courtès
Etre hôtesse de l'air ou steward;Barnier
Balade pour un père oublié;Teulé
Quand le diable sortit de la salle de bain;Divry
Etre hôtesse de l'air ou steward;Barnier
Au pays des vermeilles;Châtelet
Ce coeur changeant;Desarthe
Champignons des bois et des prés;Bustarret
carnaval des hyènes (Le);Mention
Champignons des bois et des prés;Bustarret
Déchets;Noualhat
Comme Ulysse;Charles
Une histoire de la violence;Muchembled
Petite vie;Varetz
chroniques d'Ouranos (Les);Bréger
Camille, mon envolée;Daull
Les métiers du sport et des loisirs;
Yesterday, les Beatles;Brown
loups à leur porte (Les);Fel
Où sont passés les princes charmants ?;Bonnet
Français (Le);Suaudeau
Un choix;Sparks
maladroite (La);Seurat
Michelle Obama, first lady;Mundy
Pour l'amour du capitaine;Hamon
Kafka aux fourneaux;Davis
Les ombres du ciel;Marchal
saison des Bijoux (La);Holder
Villa des femmes;Majdalani
Cruautés conjugales;Owens
Il faut tenter de vivre;Faye
Crimes sataniques;Goldstein
Nous serons des héros;Giraud
Eva;Liberati
C'est maintenant du passé;Rubinstein
Ce pays qui te ressemble;Nathan
Peur noire;Coben
Amour, colère et folie;Vieux-Chauvet
Chiens de sang;Giébel
Petit éloge de la nuit;Astier
Annie, te souviens-tu;Bardon
Bidoche;Nicolino
Emma et le cadeau de Noël;Morgenstern
Il y a quelque chose dans l'air;Hanna
L'école des lutins;Van Ruymbeke
La ballade de papa;Moreau
Princes et princesses;
clos des grognards (Le);Douriaux
L'âme du Kyudo;Hirata
temps d'orage (Les);Douriaux
Opération Mort;Mizuki
temps d'orage (Les);Douriaux
La moufle;Desnouveaux
clos des grognards (Le);Douriaux
Lucie et les lucioles;Moine
Arnaud Montebourg;Spitz
La renarde;Bourguignon
Emergences;Lièvre
Les fantômes, ça existe, ou pas ?;Van Genechten
Une autre manière;Vaillant
Annie du lac;Crowther
Une autre manière;Vaillant
Pinocchio;Collodi
voyage de petit nuage (Le);Robillard
La princesse des neiges;Galliot
Miroir-miroir;Lee
Belle de Moscou (La);
Tous des animaux !;Urberuaga
Carmen;Bizet
Contes et histoires de Pomme d'api;
Vampire !;Regan
Grandes répétitions (Les) : Olivier Messiaen, Karlheinz Stockhausen, Edgar Varese, Hermann Scherchen, Cecil Taylor;
Henri Vincenot;
Haute société;
Vinland saga;Yukimura
En Bresse autrefois...;Culas
Atys;Lully
funambule des coeurs (Le);Pigot
Vampire knight;Hino
funambule des coeurs (Le);Pigot
Théo l'pêcheux;Vadot
Naruto;Kishimoto
Anna Nicole, opéra;Turnage
Don Giovanni;Mozart
Côte de Nuits au grand jour (La);Fromont
Loulou;Solotareff
La chauve-souris;Strauss fils
Sur les chemins de Colette, en son pays;Dassas
NonNonBâ;Mizuki
Entre;Vaillant
50 great songs;
Nausicaä de la vallée du vent;Miyazaki
Entre;Vaillant
Al wa' debt;
Ale gena - Ethiopia;
Joyeuses Pâques !;
All we are saying...;Frisell
Alma adentro;Zenon
Amulette;Amira
Glaucos;Tanaka
And time axis manipulation corporation;Mickey Moonlight
Anthologie;Cheikh
Après l'after...;
Awda;Salameh
B.S.O. Almodovar;Almodovar
Baboon moon;Molvaer
La belle danse;Sempé
best of The Moody Blues (The);
Bienestan;Goldberg
Celestial;AM
Harpe celtique et chants du monde;Corbel
Tokyo mew mew;Yoshida
Colis suspect;
Concertos pour violon, volume 2;Bacewicz
livre de l'hiver (Le);Berner
Diagnostic;Maalouf
Duets II;Bennett
El Gusto, B.O.F.;Bousbia
Fuse presents Anthony Rother;Rother
Gilles Peterson presents Havana Cultura;Peterson
Habarena;Di Giusto
Etonnant safari en pop-up;Ferguson
Selflessness featuring My favorite things;Coltrane
Etranges dinosaures en pop-up;Ferguson
Triple embrouille pour Jack Palmer;Pétillon
Limaniya;Bissongo
Live e libertat;
Meçhul;Koray
Princesse Saphir;Tezuka
Métiani;Nzebi
Missa a 8 en ré majeur;Mir y Llussa
Mr. Machine;
Glaucos;Tanaka
Mugham;Askarov
Le nozze di Figaro;Mozart
Histoires pour tous;Tezuka
Noise & chill out;
original sound of cumbia (The);
Our latin thing - Live at Cheetah, New York, august 1971;
Passing place;Loka
Jacques Henri Lartigue;Astier de La Vigerie
Poetry and languid charm;
Préludes;Fettmann
Reflets;Muraro
El Rego;El Rego
Les rives;Robin
Yaiba;Aoyama
Ron's Carter great big band;Carter
Rrakala;Gurrumul Yunupingu
Sem nostalgia;Santtana
Rachmaninov;Rahmaninov
Sonates & partitas BWV 1001-1006;Bach
Songs from the steppes;
Enceinte !;Mademoiselle Caroline
Otages intimes;Benameur
Synastry;Shyu
Demain les oiseaux;Tezuka
Tchaikovski;Cajkovskij
Otages intimes;Benameur
Tha funk capital of the world;Collins
Boussole;Enard
Notre désir est sans remède;Larnaudie
Threedom;Pilc
metteur en scène polonais (Le);Mouton
Un ramo de rosas;Casal
Trois jours;Barry
Upside down;
Ensor;Madeline
pouvoir (Le);Davoust
Vitamia;Testa
Wander, wonder;Balam Acab
nuit (La);Davoust
Wanted men;
Totem;Villatte
What is there what is not;Biondini
secret de l'empereur (Le);Bourbon Parme
You don't know;
Mémoires d'outre-mer;Ferrier
Un chat à tout prix;Limb
Un papa de sang;Hatzfeld
Bande à part;Limb
Magique aujourd'hui;Jarry
prépondérants (Les);Kaddour
Joyeuse Saint-Valentin !;Limb
terre qui penche (La);Martinez
Bon anniversaire !;Limb
terre qui penche (La);Martinez
Une affaire de filles;Dent
2084;Sansal
métier de vivant (Le);Saintonge
Les enfants de saphir;Tezuka
En route les filles !;Dent
Premier chagrin;Kavian
Nous, Louis, roi;Castro
Code cool;Westerfeld
petite femelle (La);Jaenada
Young GTO !;Fujisawa
La fin des colonies françaises;Droz
gens dans l'enveloppe (Les);
Mafia, mafias;Padovani
Crans-Montana;Sabolo
Fellini;Gili
faille (La);Sorente
D'après une histoire vraie;Vigan
Sans pitié ni remords;Lebel
été contraire (L');Bichet
Caffe latte rhapsody;Kawai
oragé (L');Loup
Changer d'air;Guillot
guerres madrières (Les);Gaulon
mort existe-t-elle ? (La);Etienne
coeur du problème (Le);Oster
Tous les lointains sont bleus;Roulet
Kokoro;Roux
Nos âmes seules;Blanvillain
Professeur Eiji;Monden
Retiens ma nuit;Tillinac
Courir après les ombres;Vinson
milliards de dollars de Léon Robillard (Les);Malone
Dr Kotô;Yamada
enfant rebelle (L');Laborie
enfant rebelle (L');Laborie
Baudelaire, le diable et moi;Barré
maladroite (La);Seurat
Les Etrusques;Denoël
carte des Mendelssohn (La);Meur
C'est pas pareil;Fordacq
saison des Bijoux (La);Holder
saison des Bijoux (La);Holder
Les plus belles légendes de la mythologie;Moncomble
désoeuvrés (Les);Kebabdjian
Sauve qui peut la vie;Lapierre
Les dieux de l'Olympe;Royer
Entre les deux il n'y a rien;Riboulet
Méli-mélo de dinos;Sebe
cache (La);Boltanski
Les dinosaures;Montardre
oeil de l'espadon (L');Brugger
Lili la libellule;Jenner-Metz
brigade du rire (La);Mordillat
La remise;Carminati
brigade du rire (La);Mordillat
Les sots;Degarde
nuit de feu (La);Schmitt
Soul eater;Ohkubo
Le bon sens amoureux;Yhuel
Ressources inhumaines;Viguier
Kafka à Paris;Mauméjean
Avec lui;Poitout
Fière Eléonore;Cérésa
Nos amis les hétéros;Reynaert
Un été au Kansaï;Slocombe
Fleur de Bombay;Lorne
Remember;Benjamin
disparue de Saint-Sauveur (La);Bordes
La salle des professeurs;Effa
Lum'en;Genefort
Femmes;
D'excellente famille;Deflassieux
Caché dans la maison des fous;Daeninckx
L'orque de Magellan;Huertas
Objectif Louvre;Morvan
Des mots jamais dits;Bérot
été des enfants rois (L');Barral
La lune et le miroir;Deniau
été des enfants rois (L');Barral
Les galères de l'Orfèvre;Duchon-Doris
La pluie;Delessert
vie rêvée des autres (La);Bihl
Mon premier Larousse des c'est quoi ?;
Fanfare !;Fontaine
projet Almaz (Le);Baqué
L'orientation;Arbona
Le bureau de l'heure;Outers
78;Rongier
L'orientation;Arbona
Amazone;Fermine
ennemis de la vie ordinaire (Les);Marienské
Flavie ou L'échappée belle;Du Chambon
Le pacte de minuit;Whitley
Juste avant l'oubli;Zeniter
Les secrets du monde perdu;Whitley
forêt d'arbres creux (Une);Choplin
forêt d'arbres creux (Une);Choplin
Courir à trente ans;Rey
Mémoires d'un âne;Ségur
Après la pluie;Shannon
orage (L');Arnaud
Nous dînerons en français;Dimitrova
La mal aimée;Kim
Les bouffons;Monteilhet
censeur (Le);Anfray
Gratis;Herzog
Les vacances;Ségur
Pink;Okazaki
Le fichu écarlate;Hyvrard
Pirates;Loi
Quartier lointain;Taniguchi
Le chimiste;Marbot
Oiseaux des rivières et des étangs;Roché
Villa Sémiramis;Vitoux
Achab;Senges
Profession du père;Chalandon
Oiseaux des rivières et des étangs;Roché
Dans la prison;Hanawa
Traces et empreintes;Lisak
Vieille France;Millerand
logique de l'amanite (La);Dousteyssier-Khoze
Traces et empreintes;Lisak
Rencontre;Takashige
Popcorn melody;Turckheim
Victor Hugo vient de mourir;Perrignon
Je te laisse;Roberts
Pirates de légende;Peyron
Victor Hugo vient de mourir;Perrignon
Un bon petit diable;Ségur
Le rêve de White Spring;Decoust
clef sous la porte (La);Gautier
Les abeilles & la guêpe;Maspero
clef sous la porte (La);Gautier
Tristan et Iseult;Jahan
Ensorcellement;Bujold
An nom de Sa Majesté;Graff
Le jardin de Sépiraho;Sebag
Gradisil;Roberts
L'algèbre de la mort;Benyoucef
Après le silence;Castino
Après le silence;Castino
Snow crash;Stephenson
Les hommes à terre;Giraudeau
Venus d'ailleurs;Pigani
Maison buissonnière;Minière
Piège berbère;Chartier
Sans état d'âme;Ravey
Napoléon III;Bainville
L'année de notre guerre;Swainston
Malavita;Benacquista
fenêtre de Diane (La);Douay
La cité de perle;Traviss
La chasse amoureuse;Reyes
Quand le diable sortit de la salle de bain;Divry
L'amour c'est fou;Nadja
NSO;
Corse;Pancrazi
Ce coeur changeant;Desarthe
François Ier;Bainville
Royaume-Désuni;Lovegrove
Et des amours desquelles nous parlons;Bredin
fleuve guillotine (Le);Meaux
Mandalas;Quintreau
Comme un beau grand slow collé;Latour
présent infini s'arrête (Le);Dorsan
Clovis;Bainville
Emportez-moi;Poumirau
Le crime de l'hôtel Saint-Florentin;Parot
Au pays du p'tit;Fargues
Carrefour des nostalgies;Laurain
Bonbon piment;Righini
Napoléon Ier;Bainville
Sur le seuil;Senécal
Petit Piment;Mabanckou
Un homme dangereux;Frèche
Justice pour le capitaine Dreyfus !;Kahn
La septième étoile;Malagoli
Le murmure des sables;Huser
illusion délirante d'être aimé (L');Noiville
Requiem pour un clou;Lossky
Dialogue de bêtes;Colette
Nous serons des héros;Giraud
Frère;Damotte
Couleur du temps;Chandernagor
Konnar le Barbant;Pelot
Jugan;Leroy
Le chant de la dune;Fouchet
Manuel de survie pour les filles d'aujourd'hui;
La possession;Gallo
Jugan;Leroy
Révolution Y;Smati
Carbone modifié;Morgan
Moi, je boude;Titus
L'exception culturelle, une passion française ?;Chaudron
Le ciel de Bay City;Mavrikakis
Corps désirable;Haddad
J'ai débranché;Crouzet
Cutter;Ravey
Pour toujours et à jamais;Durant
L'ogre de Silensonge;Massenot
Un élève est aussi un enfant;Hénaff
Pratique de l'éloge;Oster
Femmes 2 dictateur;Ducret
Cadence;Velut
N'aie pas peur !;Willis
choix d'éduquer (Le);Meirieu
Des Cornichons au chocolat;Labro
N'aie pas peur !;Willis
Faire parler les montagnes;Baud
La belle et l'espion;Long
N'aie pas peur !;Willis
Nos enfants ne sont pas à vendre;Bakan
L'invisible;Janovjak
Pourquoi ?;Camp
L'avenir de l'économie;Dupuy
Lecture-écriture, ernseigner différement;Marot
Toxique;Sagan
Pourquoi ?;Camp
Quinze ans après;Jardin
Pourquoi ?;Camp
La grande démolition;Hureaux
Eloge du génie créateur de la société civile;Rabhi
Nous deux, rue Bleue;Pussey
Kadhafi;Bravin
Mémoires de Marc-Antoine Muret;Oberlé
Nous deux, rue Bleue;Pussey
L'énigme du retour;Laferrière
Nous deux, rue Bleue;Pussey
Marguerite Yourcenar;Halley
Les ivresses;Chabas
Les enjeux de l'énergie;Iacona
Flics;Weissman
Le rêve de Machiavel;Bataille
Le monde d'avant;Traviss
Le petit livre rouge de la culture;Girard
Arrête ton char, Béru !;Dard
Pénélope s'habille;Hallensleben
Carnet du soleil;Bobin
Pour éviter le krach ultime;Larrouturou
Le zénith du Vif-argent;Nicholls
Pénélope s'habille;Hallensleben
Des mots & des tableaux;Tamarkin
La fée des dents;Joyce
Pénélope s'habille;Hallensleben
Gazette des communes,des départements,des régions (La);
Chemins de traverse;Faber
Déchronologue (Le);Beauverger
espion du mercredi (L');Mazard
La terre sauvage;Thomas
espion du mercredi (L');Mazard
L'Intérieur;Bergougnoux
Un escarpin de soie bleue;Muller
espion du mercredi (L');Mazard
Le désir et la chance;Mitterrand
Parquet flottant;Corto
Le doudou perdu d'Océane;Kochka
Nouveaux mondes;Badie
Le testament du dernier parrain;Bonanno
Repenser l'économie;Herlin
Europe;
Art et Métiers du Livre;
construction d'un château fort (La);Martin
Anthologie thématique de la chanson d'enfants;Grosser
Education et démocratie;Avet
Le doudou perdu d'Océane;Kochka
Politiques, pourquoi la com les tue;Millot
capitaine Jules Colette (Le);Dubus Vaillant
Paris-Saigon;Cortès
Notes intimes;Noël
A table avec Colette et Pauline;Dubus Vaillant
Nichoirs et mangeoires;Bézuel
Lulu-Grenadine aime trop la télévision;Gillot
Nichoirs et mangeoires;Bézuel
Soyez le sel de la terre;Rivière
Jean-Jacques Rousseau ou La méprise extraordinaire;Guillemin
Le choix de Marianne;Perrineau
Deux générations dans la débine;Laé
Terre vive;
neige noire (La);Lynch
Lulu-Grenadine aime trop la télévision;Gillot
Tous nos noms;Mengestu
Algérie, 1954-1962;Stora
Réfugiés, un scandale planétaire;
Où étiez-vous tous;Di Paolo
Où étiez-vous tous;Di Paolo
Le vrai pouvoir d'un citoyen;Touly
Délivrances;Morrison
Le Parlement européen;Costa
Lulu-Grenadine est mal lunée;Gillot
Moi, Mohamed, esclave moderne;Kemigue
Warax;Hak
Une Antigone à Kandahar;Roy-Bhattacharya
La ronde des saisons;Boudou
Repenser la pauvreté;Banerjee
Au coeur de la monnaie;Lietaer
Les chaussures italiennes;Mankell
Lulu-Grenadine est mal lunée;Gillot
D'ailleurs les poissons n'ont pas de pieds;Jon Kalman Stefansson
Quatre-vingt-treize;Kepel
La mangeuse de roses;De Kretser
Lulu-Grenadine est mal lunée;Gillot
Une Antigone à Kandahar;Roy-Bhattacharya
Dette indigne !;Filoche
Scandale du crime;Roberts
quête de Wynne (La);Gwyn
Euthanasie;Puybasset
Mauvaise réputation;Long
L'animateur et l'animation sociale avec les personnes âgées;Hervy
Captive;Vaughan
quête de Wynne (La);Gwyn
Pas de quartier ?;Joxe
L'heure du dragon;Malagoli
J'ai 30 ans dans mon verre;Ben Kemoun
Low down;Albany
Anges déchus;Morgan
La loi de 1905;Ducomte
Au café du rendez-vous;Winterbach
Peut mieux faire !;Dollé
L'inconnu de La Faurie;Bonnet
Au café du rendez-vous;Winterbach
Manifeste NégaWatt;
Bingo le Posstit;Roberts
chroniques de Zhalie (Les);Yan
Va Dinci coddah;Roberts
Lettres à Dolly;Hassan
Au coeur du pouvoir russe;Rakhmanova
chroniques de Zhalie (Les);Yan
Ce que je n'accepte pas;Mitterrand
Le livre des vérités ultimes;Rankin
Lettres à Dolly;Hassan
La ferme des enfants;Rabhi-Bouquet
J'ai vu un homme;Sheers
L'argent de l'Etat;Dosière
Promesse perdue;Nordheim
testament de Marie (Le);Toibin
testament de Marie (Le);Toibin
Famine au Sud, malbouffe au Nord;Dufumier
L'épée de la providence;Sapkowski
L'indécence précède l'essence;Porcher
La ville est une marée montante;Lee
J'aime lire;
homme-tigre (L');Kurniawan
Tintin est-il de gauche ? Astérix est-il de droite ?;Fringuet-Paturle
Le crépuscule du Vif-argent;Nicholls
J'aime lire;
Funny girl;Hornby
nouveaux prolétaires (Les);Abdelnour
Lettres à Dolly;Hassan
Someone;McDermott
Lâche-nous les bandelettes;Dard
Le pédagogue n'aime pas les enfants;Roorda van Eysinga
Chauds, les lapins !;San-Antonio
Someone;McDermott
L'école, le numérique et la société qui vient;Kambouchner
Rencontres d'un très sale type;Dard
printemps des barbares (Le);Luscher
Approbaniste (L');Billy
Tout ce que vous avez toujours voulu savoir sur la démocratie;Rendu
Des vertes et des pas mûres;Dard
Parlons impôts en 30 questions;Monnier
Un insupportable gentleman;Chase
homme qui ne savait pas dire non (L');Joncour
Le président de la République en 30 questions;Flahault
Les doigts d'or d'Elise;Thirolle
Tout ce que vous avez toujours voulu savoir sur le nucléaire;Soares
Le bavardage, parlons-en enfin;Ehnuel
En attendant l'orage;Joyce
Gigi en Egypte;Hausfater
Le vallon des sources;Gay
Inévitable protectionnisme;Dedieu
Petite ballerine;Akhmetova
Carnets de curiosités d'un géologue;Wever
château des ducs (Le);Bocquenet-Carle
Arachna;Tardieu
Loup, y es-tu ?;Boissard
Le jeu des cent robes;Estes
Proust était un neuroscientifique;Lehrer
Louison la douce;Judenne
Le jeu des cent robes;Estes
L'homme est-il un grand singe politique ?;Picq
Retour en Inde;Boman
Le jeu des cent robes;Estes
Rêves de savants;Guthleben
Le temps de l'école;Tamain
De l'autre côté du mur;Hassan
Les rongeurs de France;Quéré
L'annonce;Lafon
La tentation de Faust ou La science dévoyée;Faucheux
Le renard;Tamain
Quel malheur !;Beaudout
La mesure;Perdijon
Exil intermédiaire;Curiol
Le petit souci;Herbauts
Télé, bagnole et autres prothèses du sujet moderne;Delfour
La sauvagine;Courchay
Le petit souci;Herbauts
L'incroyable instinct des fourmis;Hölldobler
Le Parisien;Lélu
L'heure vide;Herbauts
San-Antonio comme à confesse;Dard
L'heure vide;Herbauts
sciences, un enjeu citoyen (Les);Lipinski
Quand la recherche était une république;Blay
Gagner la guerre;Jaworski
Dans les yeux d'Henriette;Jamin
Le beau livre de l'Univers;Paul
Grosse colère;Allancé
sciences face aux créationnismes (Les);Lecointre
Voisins d'ailleurs;Simak
Le petit bateau de Petit Ours;Bunting
Dans le secret des êtres vivants;Le Douarin
Ils l'ont laissée là;Brami
Maman, pourquoi tu m'aimes ?;Blake
Etre jaloux;Fontaine
Un thé sur le divan bleu;Berg
Maman, pourquoi tu m'aimes ?;Blake
Cowboy angels;McAuley
Les arbustes à fleurs;Adeline
nuit de l'amandier (La);Bourdon
Masterchef, le cookbook;
Des choses fragiles;Gaiman
Objets de la ferme;Rousset
Bistro;Bertin
La lumière et l'oubli;Mestre
Whoopies;Jausserand
La part belle;Gay
Le miroir de Cassandre;Werber
Des gars dans la cuisine;Rosinha
Sida 2.0;Lestrade
Le forgeron d'Eden;Cornaille
Le Larousse de la cuisine;
Quoi de neuf, petit homme ?;Fallada
Le dernier échantillon;Palmer
Le Larousse des cuisines du monde;
Pour un monde sans sida;Barré-Sinoussi
amant de l'ombre (L');McNaught
Asthme et allergies pour les nuls;Hordé
Mon père est femme de ménage;Azzeddine
Qu'est-ce que le travail non qualifié ?;Rose
Lendemains de guerre;Seiffert
La sécurité dans la maison;Branchu
La foire aux agnelles;Courchay
Manuel de survie dans la jungle du bio;Pédrola
Match aller;Capron
L'aimé de juillet;Martinoir
Les 4 vies de Steve Jobs;Ichbiah
Les plantes grimpantes;Adeline
La maison des orphelins;Dunmore
Terrasses et balcons;Horiot
Paris retrouvé;Steel
herbier des fées (L');Lacombe
Sauver sa peau;Gardner
Apéritifs, digestifs, coolers, vins maison et autres concoctions;Atkins
L'exilé de Ta-Shima;Lorusso
Vivre avec les livres;Geddes-Brown
Ta-Shima;Lorusso
La sexualité, que d'histoires !;Cymes
Goûters rigolos;Caron
Dans les mondes barbares;Thomas
Black man;Morgan
Petit manuel de pêche à l'usage des enfants;Dours
Sorcha de Mallaig;Lacombe
Tout pour ma poule;Rousseau
Mano a mano;Bourdin
Dernier train pour Istanbul;Kulin
Papillotes salées et sucrées;Mérel
Apéros & tapas;
La bergerie d'Aiguebelle;Bouchet
Pilates;Ellsworth
L'énigme de Fontary;Tamain
Le régime anti-cholestérol;Breuleux-Jacquesson
Passage;Bujold
Incroyable corps humain;Challoner
Orages mécaniques;Pelot
Le jardin surélevé;Bridgewater
Le procès de la sorcière;McCammon
L'éveil du Vif-argent;Nicholls
De la naissance aux premiers pas;Forestier
art pour comprendre le monde (L');Antoine-Andersen
Transgression;Traviss
Le sang des elfes;Sapkowski
Brunetti passe à table;Leon
art pour comprendre le monde (L');Antoine-Andersen
Héritage;Bujold
Sauvons l'agriculture !;Nahon
Le cahier rouge;Girard-Frésard
J'aide mon ado à grandir;Rougeul
Le manuscrit du docteur Apelle;Treuer
Trouver sa place au travail;Allais
bouclier du temps (Le);Anderson
Des fruits dans mon jardin, et sur mon balcon;Beucher
Les années d'argent;Messadié
yoga de la longévité (Le);Shri Mahesh
Pelouses et prairies fleuries;Boudassou
J'aimerais vous revoir;Siguret
Chaussons croustillants et fondants;Magistris
Céline, une vie toute simple;Palet
Pasta;Oliver
Thriller;Gran
Mes lasagnes;Duclos
Le mystère d'Alexandra;LaFoy
Boulettes, croquettes & cromesquis;Chaptal
Vengeance;Vaughan
Le livre des anges;Dattas
Comprendre le langage du corps en 35 leçons;Cuzacq
Mes recettes féeriques;Bulard-Cordeau
Vengeance du traducteur;Matthieussent
Mon cher amour;Brami
Fromages frais maison au lait bio;Chartrand
dernier voeu (Le);Sapkowski
500 bières;Avery
Fromage au four, fondues & Cie;Mallet
Requiem;Joyce
Exfiltration;Ignatius
Le garçon de la lune;Brown
Masques;Rouillac
Le visage du mal;McCammon
Dessiner des cartoons, méga cool !;Hart
Les années de fer;Messadié
Frère et soeur;Bornstein
Bonheur fantôme;Percin
Quand j'étais nietzschéen;Lacroix
(Il était une fois) l'homme le plus mieux de tous les temps;Rankin
Le temps du mépris;Sapkowski
Les aventuriers du parking perdu;Rankin
Meurtres entre soeurs;Willett
roi et la reine (Le);Sender
Miss Mackenzie;Trollope
Paola;Sackville-West
Une nouvelle femme;Laforet
Le journal de monsieur Chatastrophe;Pascoe
Un Noël en famille;Johnston
La fille de sa mère;Weiner
La chanson du papillon;Janke
Bulibasha, roi des Gitans;Ihimaera
Speed;Burroughs
American falls;Gifford
Oeuvres;Bachmann
envolée belle (L');Prinz
L'offense;Menéndez Salmon
Secret d'Anouchka (Le);Cartland
Rêves de fleuves et d'océans;Parks
Fifre vert (Le);Nicolas
San'kia;Prilepin
Chez nous;Robinson
Tirza;Grunberg
Le miracle de san Gennaro;Marai
Antoine et Cléopâtre;McCullough
Le souffle de l'éternité;Domingue
Closed for business;Simpkin
L'éternité, ou presque;Moscati
C'est ici que l'on se quitte;Tropper
Maison et le monde (La);Tagore
Exit le fantôme;Roth
Les lettres qui ne sont jamais arrivées;Rosencof
Histoire d'un prisonnier;DOUKAS
Si tu retiens les fautes;Bajani
De quoi nous sommes faits;Hettche
soupçon légitime (Un);Zweig
Réveillez les tambours;Morais
Krystal city;Aguila
Un loup à ma table;Burroughs
Le Zarco;Altamirano
Rendez-vous dans le noir;Otsuichi
La chute de John Stone;Pears
Attention Dieu méchant;Auslander
Une âme perdue;Arpino
Secondes noces;Adams
Dans le berceau de l'ennemi;Young
Le pélican d'or;Chwin
Mille crétins;Monzo
D'amour et de sang frais;Moore
Les papillons;Guilbot
Au son des flûtiaux en osier;Alfonzo
Le coeur est un noyau candide;Millet
Requiem;Young
Ce que l'humanité doit à la femme;Gualde
Voyageurs du ciel et de la mer;
Fleurs de chagrin;Mucker-Frimmel
Adalina;Huonder
2050, rendez-vous à risques;Nicolas
Les danseurs de Monique Baum ou La mélancolie d'une chaise vide;Monegal
Dressez haut la poutre maîtresse, charpentiers;Salinger
Le fiasco du Labrador;Atwood
Les enfants de Vienne;Neumann
Romans, récits, nouvelles du Grand Nord;London
Le dernier homme qui parlait catalan;Casajuana
tailleur gris (Le);Camilleri
Les tortues;Canetti
Dernières nouvelles de Noela Duarte;Fajardo
Les ateliers d'écriture;Soccavo
Le siège de Bogota;Gamboa
Bis;Eagleman
L'informatique au village;Proust de la Gironière
Judy B.;Heiney
Le vieil homme qui m'a appris la vie;Albom
Zone cirque;Topol
Louise Michel;Chastre
Et la fureur ne s'est pas encore tue;Appelfeld
La vie expliquée à mon père;Siniavski
Moi tout craché;McInerney
Katarina, le paon et le jésuite;Jancar
La petite cabane aux poissons sauteurs;Tei
Manazuru;Kawakami
Le signe;Khoury
Le jardin des secrets;Morton
Paris retrouvé;Steel
Une odeur de soufre;Gabaldon
Les ailes de Camille;Marimbert
L'école des saveurs;Bauermeister
Les ailes de Camille;Marimbert
Les ailes de Camille;Marimbert
La vie secrète d'Eve Elliott;Chamberlain
Les ailes de Camille;Marimbert
rêve de Beyoglu (Un);Ozlu
Les ailes de Camille;Marimbert
